state,year,population,median_income,rpp_all,rpp_housing,rent,rent_metros
Alabama,2005,4569805,37150.0,,,,
Alabama,2006,4628981,37950.0,,,,
Alabama,2007,4672840,42210.0,,,,
Alabama,2008,4718206,44480.0,88.901,59.88,,
Alabama,2009,4757938,39980.0,87.786,60.148,,
Alabama,2010,4785437,40930.0,89.783,61.501,,
Alabama,2011,4799069,42590.0,90.011,60.854,,
Alabama,2012,4815588,43460.0,90.559,62.321,,
Alabama,2013,4830081,47320.0,90.324,61.409,,
Alabama,2014,4841799,42280.0,90.175,59.913,,
Alabama,2015,4852347,44510.0,89.741,59.246,820.0,5.0
Alabama,2016,4863525,47220.0,90.609,60.511,866.0,6.0
Alabama,2017,4874486,50870.0,90.065,61.118,912.0,8.0
Alabama,2018,4887681,49940.0,87.378,59.641,941.0,8.0
Alabama,2019,4903185,56200.0,88.303,60.277,981.0,8.0
Alabama,2020,5033094,54690.0,87.569,59.582,1027.0,8.0
Alabama,2021,5049196,56930.0,88.062,60.596,1100.0,9.0
Alabama,2022,5076181,59910.0,88.021,57.502,1212.0,9.0
Alabama,2023,5117673,60660.0,89.097,61.601,1243.0,11.0
Alabama,2024,5157699,64840.0,88.823,61.785,1268.0,16.0
Alaska,2005,666946,55890.0,,,,
Alaska,2006,675302,56420.0,,,,
Alaska,2007,680300,62990.0,,,,
Alaska,2008,687455,63990.0,103.878,105.956,,
Alaska,2009,698895,61600.0,106.147,119.666,,
Alaska,2010,713910,57850.0,103.099,113.679,,
Alaska,2011,722128,57430.0,103.274,109.994,,
Alaska,2012,730443,63650.0,102.548,116.474,,
Alaska,2013,737068,72470.0,102.052,114.823,,
Alaska,2014,736283,67630.0,102.386,116.652,,
Alaska,2015,737498,75110.0,103.287,114.548,1275.0,1.0
Alaska,2016,741456,75720.0,104.073,108.72,1262.0,1.0
Alaska,2017,739700,77990.0,104.833,109.38,1246.0,1.0
Alaska,2018,735139,68730.0,104.565,104.763,1254.0,1.0
Alaska,2019,731545,78390.0,103.041,101.303,1271.0,1.0
Alaska,2020,733017,74750.0,101.339,89.699,1299.0,1.0
Alaska,2021,734420,81130.0,104.907,103.366,1376.0,1.0
Alaska,2022,734442,89740.0,102.101,96.585,1510.0,2.0
Alaska,2023,736510,98190.0,103.297,96.736,1604.0,2.0
Alaska,2024,740133,89800.0,102.359,93.784,1667.0,2.0
Arizona,2005,5839077,45250.0,,,,
Arizona,2006,6029141,46660.0,,,,
Arizona,2007,6167681,47220.0,,,,
Arizona,2008,6280362,46910.0,102.504,103.316,,
Arizona,2009,6343154,45740.0,102.865,99.867,,
Arizona,2010,6407172,46900.0,100.558,96.898,,
Arizona,2011,6472643,48620.0,99.083,94.775,,
Arizona,2012,6554978,47040.0,98.05,95.176,,
Arizona,2013,6632764,52610.0,98.441,93.617,,
Arizona,2014,6730413,49250.0,97.944,92.74,,
Arizona,2015,6829676,52250.0,97.865,93.772,877.0,4.0
Arizona,2016,6941072,57100.0,98.622,92.448,920.0,4.0
Arizona,2017,7044008,59700.0,97.915,93.527,977.0,4.0
Arizona,2018,7158024,62280.0,97.381,94.255,1042.0,4.0
Arizona,2019,7278717,70670.0,97.779,93.582,1185.0,5.0
Arizona,2020,7187135,67090.0,99.203,97.944,1260.0,5.0
Arizona,2021,7274078,70820.0,96.6,102.346,1460.0,5.0
Arizona,2022,7377566,73450.0,99.992,106.244,1515.0,7.0
Arizona,2023,7473027,82660.0,100.742,108.561,1559.0,7.0
Arizona,2024,7582384,84350.0,100.677,106.804,1589.0,7.0
Arkansas,2005,2781097,36660.0,,,,
Arkansas,2006,2821761,37060.0,,,,
Arkansas,2007,2848650,40800.0,,,,
Arkansas,2008,2874554,39590.0,88.096,58.671,,
Arkansas,2009,2896843,36540.0,86.364,57.419,,
Arkansas,2010,2921964,38590.0,88.561,59.83,,
Arkansas,2011,2940667,41300.0,89.383,61.012,,
Arkansas,2012,2952164,39020.0,89.394,60.322,,
Arkansas,2013,2959400,39380.0,89.493,59.938,,
Arkansas,2014,2967392,44920.0,89.395,60.244,,
Arkansas,2015,2978048,42800.0,89.013,59.372,859.0,2.0
Arkansas,2016,2989918,45910.0,89.298,59.309,812.0,3.0
Arkansas,2017,3001345,49750.0,88.561,57.639,854.0,4.0
Arkansas,2018,3009733,49780.0,87.144,56.16,872.0,4.0
Arkansas,2019,3017804,54540.0,87.744,56.808,898.0,4.0
Arkansas,2020,3014546,50780.0,88.165,56.872,934.0,4.0
Arkansas,2021,3026870,50780.0,88.902,59.435,1018.0,4.0
Arkansas,2022,3047704,53980.0,86.913,55.671,1091.0,5.0
Arkansas,2023,3069463,63250.0,86.81,56.737,1158.0,5.0
Arkansas,2024,3088354,64540.0,86.937,58.203,1153.0,6.0
California,2005,35827943,51760.0,,,,
California,2006,36021202,55320.0,,,,
California,2007,36250311,55730.0,,,,
California,2008,36604337,57010.0,111.22,161.361,,
California,2009,36961229,56130.0,110.696,160.404,,
California,2010,37319502,54280.0,109.703,158.028,,
California,2011,37638369,53370.0,109.503,157.145,,
California,2012,37948800,57020.0,109.666,156.194,,
California,2013,38260787,60790.0,109.667,155.709,,
California,2014,38596972,60490.0,109.926,157.935,,
California,2015,38918045,63640.0,110.685,158.044,1493.0,20.0
California,2016,39167117,66640.0,109.956,160.083,1541.0,22.0
California,2017,39358497,70040.0,110.998,162.521,1671.0,22.0
California,2018,39461588,70490.0,111.882,163.834,1741.0,23.0
California,2019,39512223,78100.0,111.134,164.636,1817.0,23.0
California,2020,39521958,77650.0,111.944,166.329,1879.0,23.0
California,2021,39142565,81580.0,111.918,164.99,2046.0,23.0
California,2022,39142414,85300.0,112.591,160.121,2259.0,24.0
California,2023,39198693,89870.0,112.195,157.831,2240.0,28.0
California,2024,39431263,100700.0,110.72,154.346,2257.0,30.0
Colorado,2005,4631888,50450.0,,,,
Colorado,2006,4720423,55700.0,,,,
Colorado,2007,4803868,61140.0,,,,
Colorado,2008,4889730,60940.0,103.315,113.855,,
Colorado,2009,4972195,55930.0,102.378,113.15,,
Colorado,2010,5047349,60230.0,100.59,112.151,,
Colorado,2011,5121108,58630.0,103.384,118.781,,
Colorado,2012,5192647,57260.0,103.138,115.653,,
Colorado,2013,5269035,67910.0,103.099,118.014,,
Colorado,2014,5350101,60940.0,103.068,120.756,,
Colorado,2015,5450623,66600.0,103.048,123.873,1173.0,5.0
Colorado,2016,5539215,70570.0,102.716,126.18,1147.0,7.0
Colorado,2017,5611885,74980.0,102.946,128.889,1211.0,8.0
Colorado,2018,5691287,73030.0,100.29,128.338,1276.0,8.0
Colorado,2019,5758736,72500.0,102.491,131.041,1340.0,8.0
Colorado,2020,5787129,83780.0,103.774,130.4,1396.0,8.0
Colorado,2021,5814036,84950.0,102.765,129.43,1537.0,9.0
Colorado,2022,5850935,89930.0,102.26,129.53,1706.0,9.0
Colorado,2023,5901339,96640.0,101.856,130.501,1917.0,10.0
Colorado,2024,5957493,105500.0,103.052,127.359,1915.0,12.0
Connecticut,2005,3506956,56840.0,,,,
Connecticut,2006,3517460,62400.0,,,,
Connecticut,2007,3527270,64140.0,,,,
Connecticut,2008,3545579,64680.0,110.451,131.408,,
Connecticut,2009,3561807,64850.0,110.72,136.981,,
Connecticut,2010,3579114,66000.0,106.999,129.003,,
Connecticut,2011,3588283,65420.0,107.834,129.709,,
Connecticut,2012,3594547,64250.0,107.595,131.541,,
Connecticut,2013,3594841,69290.0,107.731,129.56,,
Connecticut,2014,3594524,70160.0,107.015,127.716,,
Connecticut,2015,3587122,72890.0,107.536,132.47,1214.0,5.0
Connecticut,2016,3578141,75920.0,107.477,127.433,1243.0,5.0
Connecticut,2017,3573297,74300.0,107.228,121.44,1277.0,5.0
Connecticut,2018,3571520,72810.0,104.015,122.203,1317.0,5.0
Connecticut,2019,3565287,87290.0,103.915,118.018,1360.0,5.0
Connecticut,2020,3579918,79430.0,105.119,123.162,1439.0,5.0
Connecticut,2021,3606607,80960.0,102.886,120.905,1591.0,5.0
Connecticut,2022,3617925,90730.0,106.362,119.758,1756.0,5.0
Connecticut,2023,3643023,92240.0,104.201,116.63,1882.0,5.0
Connecticut,2024,3675069,97790.0,103.61,117.048,2011.0,5.0
Delaware,2005,845150,51240.0,,,,
Delaware,2006,859268,52440.0,,,,
Delaware,2007,871749,54590.0,,,,
Delaware,2008,883874,50700.0,100.753,93.736,,
Delaware,2009,891730,52110.0,102.077,104.504,,
Delaware,2010,899593,55210.0,101.545,99.375,,
Delaware,2011,907381,54660.0,100.441,98.182,,
Delaware,2012,915179,48970.0,99.566,98.121,,
Delaware,2013,923576,54090.0,98.624,98.895,,
Delaware,2014,932487,57520.0,99.708,103.868,,
Delaware,2015,941252,57760.0,97.913,95.175,1085.0,2.0
Delaware,2016,948921,58050.0,98.478,94.403,1110.0,2.0
Delaware,2017,956823,64960.0,98.499,94.651,1132.0,2.0
Delaware,2018,965479,65010.0,99.252,99.301,1166.0,2.0
Delaware,2019,973764,74190.0,98.824,96.016,1205.0,2.0
Delaware,2020,991928,70020.0,96.791,91.873,1262.0,2.0
Delaware,2021,1005062,68690.0,97.425,96.955,1443.0,2.0
Delaware,2022,1020625,80750.0,98.007,99.095,1585.0,2.0
Delaware,2023,1036423,86340.0,98.759,98.932,1665.0,2.0
Delaware,2024,1051917,85580.0,99.808,102.015,1729.0,2.0
District of Columbia,2005,567136,44990.0,,,,
District of Columbia,2006,570681,48480.0,,,,
District of Columbia,2007,574404,50780.0,,,,
District of Columbia,2008,580236,55590.0,112.368,156.775,,
District of Columbia,2009,592228,53140.0,113.017,163.288,,
District of Columbia,2010,605226,56930.0,114.226,182.567,,
District of Columbia,2011,619800,55250.0,114.058,189.525,,
District of Columbia,2012,634924,65250.0,111.644,177.233,,
District of Columbia,2013,650581,60060.0,113.521,174.258,,
District of Columbia,2014,662328,68280.0,114.242,191.339,,
District of Columbia,2015,675400,70070.0,113.321,178.359,,
District of Columbia,2016,685815,70980.0,112.415,184.558,,
District of Columbia,2017,694906,81280.0,110.146,176.946,,
District of Columbia,2018,701547,85750.0,111.317,177.233,,
District of Columbia,2019,705749,93110.0,109.228,170.405,,
District of Columbia,2020,670917,88220.0,110.881,164.93,,
District of Columbia,2021,669256,90640.0,111.572,175.503,,
District of Columbia,2022,676725,101700.0,112.594,176.821,,
District of Columbia,2023,687324,111000.0,110.713,168.096,,
District of Columbia,2024,702250,104100.0,109.901,154.984,,
Florida,2005,17842038,42990.0,,,,
Florida,2006,18166990,45680.0,,,,
Florida,2007,18367842,45790.0,,,,
Florida,2008,18527305,44860.0,101.668,115.063,,
Florida,2009,18652644,45630.0,100.491,111.036,,
Florida,2010,18845537,44070.0,100.392,108.671,,
Florida,2011,19053237,45110.0,100.846,108.237,,
Florida,2012,19297822,46070.0,101.072,108.822,,
Florida,2013,19545621,48530.0,100.742,107.43,,
Florida,2014,19845911,46140.0,100.894,108.212,,
Florida,2015,20209042,48830.0,101.29,109.263,1057.0,19.0
Florida,2016,20613477,51180.0,101.087,109.395,1107.0,19.0
Florida,2017,20963613,53090.0,100.871,110.485,1154.0,20.0
Florida,2018,21244317,54640.0,100.318,110.722,1255.0,21.0
Florida,2019,21477737,58370.0,99.645,112.019,1316.0,22.0
Florida,2020,21592035,57760.0,100.604,113.588,1372.0,22.0
Florida,2021,21831949,59730.0,101.389,112.944,1601.0,20.0
Florida,2022,22379312,65370.0,102.284,116.299,1841.0,23.0
Florida,2023,22904868,72200.0,103.636,123.169,1918.0,23.0
Florida,2024,23372215,75260.0,103.414,122.107,1888.0,25.0
Georgia,2005,8925922,45930.0,,,,
Georgia,2006,9155813,49340.0,,,,
Georgia,2007,9349988,48640.0,,,,
Georgia,2008,9504843,46230.0,94.254,82.749,,
Georgia,2009,9620846,43340.0,91.854,83.201,,
Georgia,2010,9711881,44120.0,94.574,81.465,,
Georgia,2011,9802431,45970.0,93.666,80.917,,
Georgia,2012,9901430,48120.0,95.298,80.474,,
Georgia,2013,9972479,46990.0,94.868,79.38,,
Georgia,2014,10067278,49560.0,94.962,79.43,,
Georgia,2015,10178447,50770.0,94.717,80.455,893.0,7.0
Georgia,2016,10301890,53530.0,94.991,81.228,916.0,8.0
Georgia,2017,10410330,57990.0,95.275,81.731,901.0,10.0
Georgia,2018,10511131,55820.0,94.832,81.806,943.0,10.0
Georgia,2019,10617423,56630.0,94.392,81.847,992.0,10.0
Georgia,2020,10732888,59270.0,94.478,83.079,1051.0,10.0
Georgia,2021,10792060,61500.0,95.713,85.384,1173.0,11.0
Georgia,2022,10931805,67730.0,95.678,87.644,1317.0,13.0
Georgia,2023,11064432,72420.0,96.494,88.293,1402.0,17.0
Georgia,2024,11180878,81180.0,96.293,88.694,1451.0,18.0
Hawaii,2005,1292729,59590.0,,,,
Hawaii,2006,1309731,60470.0,,,,
Hawaii,2007,1315675,64020.0,,,,
Hawaii,2008,1332213,61520.0,109.773,146.805,,
Hawaii,2009,1346717,55650.0,112.715,145.89,,
Hawaii,2010,1363963,59540.0,109.56,143.051,,
Hawaii,2011,1379329,59050.0,109.94,142.953,,
Hawaii,2012,1394804,56260.0,108.393,137.589,,
Hawaii,2013,1408243,64240.0,112.319,153.495,,
Hawaii,2014,1414538,71220.0,110.596,146.484,,
Hawaii,2015,1422052,64510.0,111.504,153.726,2028.0,1.0
Hawaii,2016,1427559,72130.0,109.901,139.348,2068.0,1.0
Hawaii,2017,1424393,73600.0,110.466,149.674,2111.0,1.0
Hawaii,2018,1420593,80110.0,110.929,143.002,2151.0,1.0
Hawaii,2019,1415872,88010.0,111.767,142.64,2204.0,1.0
Hawaii,2020,1451252,80830.0,113.279,136.43,2219.0,1.0
Hawaii,2021,1447029,82200.0,112.564,140.322,2397.0,2.0
Hawaii,2022,1440359,91010.0,111.148,132.25,2396.0,3.0
Hawaii,2023,1441387,97360.0,109.703,128.69,2536.0,3.0
Hawaii,2024,1446146,98300.0,109.951,125.304,2699.0,3.0
Idaho,2005,1428241,44180.0,,,,
Idaho,2006,1468669,46210.0,,,,
Idaho,2007,1505105,49180.0,,,,
Idaho,2008,1534320,47420.0,94.953,81.407,,
Idaho,2009,1554439,46780.0,94.843,79.022,,
Idaho,2010,1570746,47050.0,93.2,75.823,,
Idaho,2011,1583910,47460.0,94.115,74.687,,
Idaho,2012,1595324,47920.0,93.477,75.338,,
Idaho,2013,1611206,48470.0,93.681,78.704,,
Idaho,2014,1631112,53440.0,93.691,76.943,,
Idaho,2015,1651059,51620.0,94.281,74.196,802.0,2.0
Idaho,2016,1682380,56560.0,92.998,73.849,847.0,2.0
Idaho,2017,1717715,59500.0,94.518,74.138,909.0,2.0
Idaho,2018,1750536,58730.0,91.736,77.506,1015.0,3.0
Idaho,2019,1787065,65990.0,92.437,75.677,1090.0,3.0
Idaho,2020,1849415,66730.0,91.023,76.256,1177.0,3.0
Idaho,2021,1904848,76920.0,91.563,84.161,1429.0,3.0
Idaho,2022,1944299,72580.0,91.802,87.66,1345.0,5.0
Idaho,2023,1971122,73910.0,92.236,86.853,1366.0,6.0
Idaho,2024,2001619,81250.0,95.494,90.027,1367.0,7.0
Illinois,2005,12609903,48400.0,,,,
Illinois,2006,12643955,48670.0,,,,
Illinois,2007,12695866,52510.0,,,,
Illinois,2008,12747038,53250.0,100.316,103.047,,
Illinois,2009,12796778,52870.0,101.607,103.928,,
Illinois,2010,12840503,50730.0,101.778,104.955,,
Illinois,2011,12867454,50640.0,101.971,104.202,,
Illinois,2012,12882510,51740.0,100.947,102.294,,
Illinois,2013,12895129,53940.0,100.175,103.047,,
Illinois,2014,12884493,54920.0,99.697,102.823,,
Illinois,2015,12858913,60410.0,98.903,103.287,888.0,4.0
Illinois,2016,12820527,61390.0,99.498,101.386,910.0,4.0
Illinois,2017,12778828,65970.0,100.254,99.945,852.0,7.0
Illinois,2018,12723071,70150.0,100.416,99.171,831.0,8.0
Illinois,2019,12671821,74400.0,99.453,97.68,866.0,7.0
Illinois,2020,12799088,74330.0,100.315,97.642,884.0,8.0
Illinois,2021,12700641,79250.0,101.321,96.165,935.0,8.0
Illinois,2022,12621821,78020.0,101.205,94.087,1033.0,9.0
Illinois,2023,12642259,87820.0,98.752,92.404,1046.0,11.0
Illinois,2024,12710158,83090.0,99.958,93.944,1119.0,11.0
Indiana,2005,6278616,42440.0,,,,
Indiana,2006,6332669,45410.0,,,,
Indiana,2007,6379599,47450.0,,,,
Indiana,2008,6424806,46520.0,91.943,76.023,,
Indiana,2009,6459325,44310.0,92.555,75.195,,
Indiana,2010,6490432,46140.0,93.022,76.559,,
Indiana,2011,6516528,44450.0,92.38,76.829,,
Indiana,2012,6537703,46160.0,92.751,74.969,,
Indiana,2013,6568713,49460.0,92.881,75.785,,
Indiana,2014,6593644,48060.0,92.638,75.103,,
Indiana,2015,6608422,51980.0,91.415,73.773,738.0,5.0
Indiana,2016,6634304,56090.0,91.346,72.608,787.0,6.0
Indiana,2017,6658078,58770.0,90.875,72.819,817.0,6.0
Indiana,2018,6695497,59890.0,92.802,73.064,790.0,8.0
Indiana,2019,6732219,66690.0,92.829,71.873,841.0,9.0
Indiana,2020,6790497,66810.0,91.763,70.998,878.0,9.0
Indiana,2021,6815907,70190.0,92.579,71.364,932.0,10.0
Indiana,2022,6844545,70030.0,91.875,70.667,1016.0,12.0
Indiana,2023,6880131,76910.0,92.097,71.332,1128.0,11.0
Indiana,2024,6924275,76220.0,93.329,73.926,1127.0,14.0
Iowa,2005,2964454,46500.0,,,,
Iowa,2006,2982644,48130.0,,,,
Iowa,2007,2999212,48910.0,,,,
Iowa,2008,3016734,50140.0,87.351,66.588,,
Iowa,2009,3032870,50720.0,89.75,70.226,,
Iowa,2010,3050745,49020.0,91.139,70.041,,
Iowa,2011,3066336,50220.0,89.832,71.287,,
Iowa,2012,3076190,53440.0,90.793,71.077,,
Iowa,2013,3092997,60160.0,90.853,71.739,,
Iowa,2014,3109350,57810.0,90.97,72.076,,
Iowa,2015,3120960,60860.0,89.528,70.031,848.0,2.0
Iowa,2016,3131371,59090.0,89.439,70.951,892.0,3.0
Iowa,2017,3141550,63470.0,89.213,72.78,864.0,4.0
Iowa,2018,3148618,68720.0,91.797,71.328,876.0,5.0
Iowa,2019,3155070,66050.0,91.804,69.467,894.0,5.0
Iowa,2020,3191141,68820.0,90.61,67.151,913.0,5.0
Iowa,2021,3198613,72430.0,89.77,66.236,952.0,5.0
Iowa,2022,3202820,76320.0,88.351,67.107,977.0,6.0
Iowa,2023,3218414,80860.0,88.769,65.979,1047.0,7.0
Iowa,2024,3241488,84370.0,87.762,65.322,1096.0,7.0
Kansas,2005,2745299,42030.0,,,,
Kansas,2006,2762931,45550.0,,,,
Kansas,2007,2783785,48500.0,,,,
Kansas,2008,2808076,47880.0,89.864,73.584,,
Kansas,2009,2832704,44720.0,91.846,74.661,,
Kansas,2010,2858190,46050.0,92.991,75.305,,
Kansas,2011,2869225,46150.0,92.772,77.671,,
Kansas,2012,2885257,50000.0,93.303,75.557,,
Kansas,2013,2893212,47820.0,92.606,74.998,,
Kansas,2014,2900475,53440.0,93.138,74.101,,
Kansas,2015,2909011,54870.0,92.814,75.063,821.0,3.0
Kansas,2016,2910844,56810.0,92.059,73.441,828.0,3.0
Kansas,2017,2908718,56900.0,91.555,73.166,850.0,4.0
Kansas,2018,2911359,63940.0,92.436,72.26,802.0,5.0
Kansas,2019,2913314,73150.0,92.734,71.86,822.0,5.0
Kansas,2020,2938172,73080.0,92.251,72.157,850.0,5.0
Kansas,2021,2938338,75980.0,91.27,69.77,895.0,5.0
Kansas,2022,2937324,73040.0,89.609,69.909,1050.0,4.0
Kansas,2023,2951500,84830.0,89.908,68.586,1033.0,5.0
Kansas,2024,2970606,86450.0,90.068,71.156,1008.0,7.0
Kentucky,2005,4182742,36700.0,,,,
Kentucky,2006,4219239,39490.0,,,,
Kentucky,2007,4256672,39450.0,,,,
Kentucky,2008,4289878,41150.0,89.84,64.243,,
Kentucky,2009,4317074,42660.0,88.539,64.771,,
Kentucky,2010,4348181,41100.0,90.433,66.572,,
Kentucky,2011,4369821,39860.0,90.458,64.645,,
Kentucky,2012,4386346,41090.0,90.687,66.24,,
Kentucky,2013,4404659,44880.0,90.892,66.136,,
Kentucky,2014,4414349,42790.0,91.063,65.519,,
Kentucky,2015,4425976,42390.0,90.733,66.279,836.0,2.0
Kentucky,2016,4438182,45370.0,90.676,64.29,870.0,2.0
Kentucky,2017,4452268,49670.0,89.985,63.68,909.0,2.0
Kentucky,2018,4461153,54560.0,89.071,64.711,922.0,3.0
Kentucky,2019,4467673,55660.0,89.597,64.286,901.0,4.0
Kentucky,2020,4508318,56760.0,89.078,64.827,929.0,4.0
Kentucky,2021,4507583,55630.0,89.246,63.426,954.0,5.0
Kentucky,2022,4519233,55870.0,89.402,62.227,1056.0,6.0
Kentucky,2023,4550595,61980.0,89.89,62.899,1133.0,5.0
Kentucky,2024,4588372,64380.0,90.159,64.313,1180.0,7.0
Louisiana,2005,4576628,37240.0,,,,
Louisiana,2006,4302665,36490.0,,,,
Louisiana,2007,4375581,41310.0,,,,
Louisiana,2008,4435586,39560.0,91.468,67.741,,
Louisiana,2009,4491648,45430.0,90.18,71.036,,
Louisiana,2010,4544532,39300.0,92.198,71.453,,
Louisiana,2011,4575625,40660.0,92.729,72.04,,
Louisiana,2012,4600972,39090.0,92.908,73.115,,
Louisiana,2013,4624527,46430.0,92.927,72.151,,
Louisiana,2014,4644013,42410.0,93.401,73.138,,
Louisiana,2015,4664628,45920.0,92.834,71.514,1032.0,3.0
Louisiana,2016,4678135,42200.0,93.6,72.914,1049.0,3.0
Louisiana,2017,4670560,43570.0,92.364,70.992,1055.0,5.0
Louisiana,2018,4659690,49970.0,90.755,69.189,1066.0,5.0
Louisiana,2019,4648794,51710.0,91.159,70.841,1071.0,5.0
Louisiana,2020,4652301,51190.0,91.141,67.997,1107.0,4.0
Louisiana,2021,4627971,57210.0,91.373,66.8,1186.0,4.0
Louisiana,2022,4593687,58320.0,90.489,66.885,1205.0,7.0
Louisiana,2023,4588071,57650.0,88.7,65.11,1183.0,9.0
Louisiana,2024,4597740,60320.0,88.207,63.104,1172.0,11.0
Maine,2005,1318787,43920.0,,,,
Maine,2006,1323619,45640.0,,,,
Maine,2007,1327040,47890.0,,,,
Maine,2008,1330509,47230.0,98.443,84.761,,
Maine,2009,1329590,47500.0,98.663,86.01,,
Maine,2010,1327629,47930.0,97.509,88.104,,
Maine,2011,1328284,49690.0,96.111,84.916,,
Maine,2012,1327729,49160.0,96.955,87.311,,
Maine,2013,1328009,54960.0,98.329,89.816,,
Maine,2014,1330513,51710.0,92.521,70.452,,
Maine,2015,1328262,50760.0,95.879,77.047,1237.0,1.0
Maine,2016,1331317,50860.0,97.216,83.781,1317.0,1.0
Maine,2017,1334612,53320.0,97.559,79.199,1070.0,2.0
Maine,2018,1339057,58660.0,97.649,83.83,1058.0,3.0
Maine,2019,1344212,66550.0,95.607,71.507,1110.0,3.0
Maine,2020,1364571,63690.0,97.888,80.994,1185.0,3.0
Maine,2021,1378931,71140.0,97.343,80.933,1324.0,3.0
Maine,2022,1390922,75160.0,100.746,83.491,1474.0,3.0
Maine,2023,1399646,75740.0,97.964,80.41,1563.0,3.0
Maine,2024,1405012,90440.0,97.05,78.94,1588.0,4.0
Maryland,2005,5592379,60510.0,,,,
Maryland,2006,5627367,63670.0,,,,
Maryland,2007,5653408,65630.0,,,,
Maryland,2008,5684965,63710.0,108.81,132.407,,
Maryland,2009,5730388,64190.0,110.406,134.587,,
Maryland,2010,5788645,64200.0,108.418,133.425,,
Maryland,2011,5839419,68880.0,109.342,135.458,,
Maryland,2012,5886992,71840.0,107.418,133.632,,
Maryland,2013,5923188,69350.0,108.527,137.389,,
Maryland,2014,5957283,76170.0,107.879,136.301,,
Maryland,2015,5985562,73590.0,107.913,131.505,1158.0,3.0
Maryland,2016,6003323,73760.0,107.222,128.755,1176.0,3.0
Maryland,2017,6023868,82090.0,106.75,127.738,1202.0,3.0
Maryland,2018,6035802,86220.0,106.311,128.333,1232.0,3.0
Maryland,2019,6045680,95570.0,105.087,128.3,1267.0,3.0
Maryland,2020,6177935,94790.0,106.396,128.12,1322.0,3.0
Maryland,2021,6179403,97330.0,106.099,124.171,1457.0,3.0
Maryland,2022,6192440,108200.0,104.89,122.983,1576.0,3.0
Maryland,2023,6217062,102000.0,104.602,119.858,1647.0,3.0
Maryland,2024,6263220,109300.0,104.959,121.079,1519.0,4.0
Massachusetts,2005,6403290,56020.0,,,,
Massachusetts,2006,6410084,55330.0,,,,
Massachusetts,2007,6431559,58460.0,,,,
Massachusetts,2008,6468967,60320.0,106.047,126.542,,
Massachusetts,2009,6517613,59370.0,105.455,130.261,,
Massachusetts,2010,6566307,60930.0,104.772,129.092,,
Massachusetts,2011,6613583,63310.0,104.747,128.622,,
Massachusetts,2012,6663005,63660.0,104.488,129.313,,
Massachusetts,2013,6713315,62530.0,103.298,129.121,,
Massachusetts,2014,6762596,63150.0,104.533,129.893,,
Massachusetts,2015,6794228,67860.0,105.086,130.005,1548.0,2.0
Massachusetts,2016,6823608,72270.0,108.161,130.539,1443.0,3.0
Massachusetts,2017,6859789,76240.0,107.406,130.6,1499.0,3.0
Massachusetts,2018,6882635,86350.0,107.422,128.633,1565.0,3.0
Massachusetts,2019,6892503,87710.0,107.151,130.075,1632.0,3.0
Massachusetts,2020,6994598,87810.0,109.101,134.737,1694.0,4.0
Massachusetts,2021,7000474,86570.0,106.698,129.006,1768.0,3.0
Massachusetts,2022,7022468,93550.0,109.431,128.547,2013.0,4.0
Massachusetts,2023,7066568,106500.0,107.675,130.144,2037.0,5.0
Massachusetts,2024,7136171,112300.0,105.757,128.068,2143.0,5.0
Michigan,2005,10051137,45930.0,,,,
Michigan,2006,10036081,48650.0,,,,
Michigan,2007,10001284,49370.0,,,,
Michigan,2008,9946889,49790.0,95.855,87.756,,
Michigan,2009,9901591,45990.0,96.044,85.047,,
Michigan,2010,9877510,46280.0,96.187,86.793,,
Michigan,2011,9882412,48880.0,95.188,83.858,,
Michigan,2012,9897145,50020.0,94.979,83.248,,
Michigan,2013,9913065,56570.0,95.192,82.703,,
Michigan,2014,9929848,52010.0,95.473,83.341,,
Michigan,2015,9931715,54200.0,93.713,80.739,828.0,6.0
Michigan,2016,9950571,57090.0,93.637,82.391,867.0,6.0
Michigan,2017,9973114,56410.0,92.727,80.997,873.0,7.0
Michigan,2018,9984072,60450.0,94.518,80.701,910.0,7.0
Michigan,2019,9986857,64120.0,95.359,81.969,942.0,8.0
Michigan,2020,10072703,64390.0,94.431,80.667,982.0,8.0
Michigan,2021,10041351,64490.0,94.281,80.683,1078.0,7.0
Michigan,2022,10050877,68990.0,93.589,80.836,1125.0,11.0
Michigan,2023,10083356,76960.0,94.296,78.936,1173.0,14.0
Michigan,2024,10140459,78860.0,96.217,82.332,1238.0,15.0
Minnesota,2005,5119598,54220.0,,,,
Minnesota,2006,5163555,56210.0,,,,
Minnesota,2007,5207203,58060.0,,,,
Minnesota,2008,5247018,54930.0,96.793,97.61,,
Minnesota,2009,5281203,56090.0,98.701,95.862,,
Minnesota,2010,5310828,52320.0,97.587,92.954,,
Minnesota,2011,5346143,57820.0,97.237,92.597,,
Minnesota,2012,5376643,61800.0,97.385,94.808,,
Minnesota,2013,5413479,64320.0,97.458,94.854,,
Minnesota,2014,5451079,67240.0,98.307,93.047,,
Minnesota,2015,5482032,68730.0,97.678,97.248,988.0,3.0
Minnesota,2016,5522744,70220.0,97.192,95.285,986.0,4.0
Minnesota,2017,5566230,69980.0,96.739,95.364,1021.0,4.0
Minnesota,2018,5606249,71820.0,99.599,95.446,1009.0,5.0
Minnesota,2019,5639632,81430.0,98.759,97.472,1044.0,5.0
Minnesota,2020,5710735,78750.0,97.766,90.648,1074.0,5.0
Minnesota,2021,5718660,80440.0,98.396,93.08,1122.0,5.0
Minnesota,2022,5721621,90390.0,97.457,97.295,1203.0,5.0
Minnesota,2023,5753048,90340.0,98.302,90.657,1110.0,8.0
Minnesota,2024,5793151,91890.0,98.621,91.281,1232.0,8.0
Mississippi,2005,2905943,32880.0,,,,
Mississippi,2006,2904978,34730.0,,,,
Mississippi,2007,2928350,37280.0,,,,
Mississippi,2008,2947806,36450.0,88.077,59.336,,
Mississippi,2009,2958774,35080.0,85.639,58.12,,
Mississippi,2010,2970548,38160.0,88.305,59.997,,
Mississippi,2011,2978731,41090.0,88.892,60.395,,
Mississippi,2012,2983816,36640.0,88.571,59.842,,
Mississippi,2013,2988711,32340.0,88.902,59.591,,
Mississippi,2014,2990468,35520.0,88.96,59.13,,
Mississippi,2015,2988471,40040.0,88.264,58.588,811.0,1.0
Mississippi,2016,2987938,41100.0,88.489,59.115,835.0,1.0
Mississippi,2017,2988510,43280.0,87.737,59.06,931.0,2.0
Mississippi,2018,2981020,42780.0,86.157,56.68,958.0,2.0
Mississippi,2019,2976149,44790.0,86.527,55.388,986.0,2.0
Mississippi,2020,2958536,45130.0,85.583,55.312,1035.0,2.0
Mississippi,2021,2947209,46640.0,86.222,56.145,1121.0,2.0
Mississippi,2022,2941939,48610.0,87.336,56.789,1186.0,5.0
Mississippi,2023,2943172,55060.0,86.792,54.923,1278.0,5.0
Mississippi,2024,2943045,55620.0,86.953,56.456,1361.0,6.0
Missouri,2005,5790300,42990.0,,,,
Missouri,2006,5842704,44580.0,,,,
Missouri,2007,5887612,46010.0,,,,
Missouri,2008,5923916,46040.0,88.434,73.204,,
Missouri,2009,5961088,48770.0,90.487,72.374,,
Missouri,2010,5995974,45820.0,93.105,74.479,,
Missouri,2011,6010275,45770.0,92.499,74.602,,
Missouri,2012,6024367,49760.0,92.436,73.624,,
Missouri,2013,6040715,46300.0,92.807,75.047,,
Missouri,2014,6056202,56630.0,93.351,73.341,,
Missouri,2015,6071732,59200.0,92.262,73.226,806.0,4.0
Missouri,2016,6087135,55020.0,91.676,72.324,827.0,4.0
Missouri,2017,6106670,56530.0,91.735,70.61,852.0,4.0
Missouri,2018,6121623,61730.0,91.806,70.364,843.0,5.0
Missouri,2019,6137428,60600.0,92.52,70.921,876.0,5.0
Missouri,2020,6154744,62180.0,92.162,70.27,915.0,5.0
Missouri,2021,6171374,63590.0,92.012,70.065,994.0,5.0
Missouri,2022,6179414,71520.0,90.991,69.253,1045.0,7.0
Missouri,2023,6208038,78290.0,91.104,70.491,1088.0,8.0
Missouri,2024,6245466,77560.0,90.817,69.88,1078.0,12.0
Montana,2005,940102,37310.0,,,,
Montana,2006,952692,41110.0,,,,
Montana,2007,964706,43660.0,,,,
Montana,2008,976415,42900.0,94.079,69.434,,
Montana,2009,983982,40440.0,93.196,67.882,,
Montana,2010,990697,41280.0,92.445,69.864,,
Montana,2011,997316,40280.0,94.232,73.077,,
Montana,2012,1003783,45090.0,93.187,72.342,,
Montana,2013,1013569,43200.0,92.88,71.848,,
Montana,2014,1021869,51100.0,95.152,81.226,,
Montana,2015,1030475,51400.0,94.974,73.85,825.0,2.0
Montana,2016,1040859,57080.0,93.862,73.095,845.0,2.0
Montana,2017,1052482,57410.0,94.202,70.523,867.0,2.0
Montana,2018,1060665,57680.0,92.401,76.58,852.0,3.0
Montana,2019,1068778,60190.0,94.24,79.513,883.0,3.0
Montana,2020,1087230,56740.0,91.972,75.67,931.0,3.0
Montana,2021,1106522,65000.0,91.328,79.29,1253.0,4.0
Montana,2022,1122095,72970.0,90.179,74.324,1508.0,5.0
Montana,2023,1131302,79220.0,91.014,76.782,1560.0,5.0
Montana,2024,1137233,81610.0,94.645,84.648,1537.0,7.0
Nebraska,2005,1761497,47920.0,,,,
Nebraska,2006,1772693,48150.0,,,,
Nebraska,2007,1783440,49170.0,,,,
Nebraska,2008,1796378,50730.0,89.575,71.591,,
Nebraska,2009,1812683,49600.0,90.645,71.492,,
Nebraska,2010,1829542,52500.0,92.061,74.572,,
Nebraska,2011,1840672,55620.0,91.377,75.894,,
Nebraska,2012,1853303,52200.0,92.284,75.523,,
Nebraska,2013,1865279,57620.0,91.812,73.539,,
Nebraska,2014,1879321,56870.0,91.757,73.4,,
Nebraska,2015,1891277,60470.0,91.166,75.41,858.0,1.0
Nebraska,2016,1905616,59370.0,90.767,74.314,866.0,2.0
Nebraska,2017,1915947,59580.0,89.807,72.486,894.0,2.0
Nebraska,2018,1925614,67580.0,91.838,73.197,925.0,2.0
Nebraska,2019,1934408,73070.0,92.531,72.715,952.0,2.0
Nebraska,2020,1963387,72250.0,92.808,76.409,990.0,2.0
Nebraska,2021,1964537,78110.0,91.956,75.61,1051.0,2.0
Nebraska,2022,1972246,78360.0,89.844,73.34,1143.0,2.0
Nebraska,2023,1987864,89190.0,90.288,74.346,1221.0,2.0
Nebraska,2024,2005465,85760.0,90.103,75.174,1274.0,2.0
Nevada,2005,2432143,48210.0,,,,
Nevada,2006,2522658,52280.0,,,,
Nevada,2007,2601072,54060.0,,,,
Nevada,2008,2653630,54740.0,101.23,119.284,,
Nevada,2009,2684665,51430.0,103.054,111.315,,
Nevada,2010,2702405,51200.0,100.78,108.019,,
Nevada,2011,2712730,47040.0,102.211,106.7,,
Nevada,2012,2743996,47330.0,101.586,104.1,,
Nevada,2013,2775970,51850.0,99.84,101.797,,
Nevada,2014,2817628,49880.0,99.184,97.81,,
Nevada,2015,2866939,52010.0,98.592,98.742,1010.0,2.0
Nevada,2016,2917563,55430.0,97.191,97.795,1072.0,2.0
Nevada,2017,2969905,58040.0,99.854,100.174,1157.0,2.0
Nevada,2018,3027341,61860.0,96.226,102.569,1295.0,3.0
Nevada,2019,3080156,70910.0,98.838,105.623,1372.0,3.0
Nevada,2020,3116967,61160.0,97.191,105.89,1435.0,3.0
Nevada,2021,3148141,64340.0,95.356,107.869,1616.0,3.0
Nevada,2022,3176116,72330.0,96.339,111.728,1737.0,3.0
Nevada,2023,3214363,81310.0,97.861,113.316,1785.0,6.0
Nevada,2024,3267467,80020.0,99.979,114.135,1840.0,6.0
New Hampshire,2005,1298492,56980.0,,,,
New Hampshire,2006,1308389,61970.0,,,,
New Hampshire,2007,1312540,67580.0,,,,
New Hampshire,2008,1315906,66180.0,106.112,118.505,,
New Hampshire,2009,1316102,64130.0,105.15,122.726,,
New Hampshire,2010,1316762,66630.0,104.026,123.217,,
New Hampshire,2011,1320202,65880.0,103.462,119.454,,
New Hampshire,2012,1324232,67820.0,102.921,121.428,,
New Hampshire,2013,1326622,69100.0,102.79,123.591,,
New Hampshire,2014,1333341,73400.0,102.091,115.328,,
New Hampshire,2015,1336350,75680.0,103.98,119.65,1115.0,1.0
New Hampshire,2016,1342307,76260.0,105.096,112.567,1168.0,1.0
New Hampshire,2017,1348787,75630.0,105.78,119.647,1164.0,2.0
New Hampshire,2018,1353465,81350.0,103.549,108.631,1226.0,2.0
New Hampshire,2019,1359711,86900.0,104.001,110.728,1291.0,2.0
New Hampshire,2020,1378756,88890.0,105.269,115.815,1387.0,2.0
New Hampshire,2021,1387677,88840.0,102.568,107.016,1532.0,2.0
New Hampshire,2022,1396678,84970.0,107.847,121.469,1635.0,3.0
New Hampshire,2023,1402199,98780.0,105.393,114.516,1766.0,4.0
New Hampshire,2024,1409032,110500.0,104.165,114.947,1839.0,5.0
New Jersey,2005,8651974,63370.0,,,,
New Jersey,2006,8661679,68060.0,,,,
New Jersey,2007,8677885,60510.0,,,,
New Jersey,2008,8711090,65310.0,107.565,153.355,,
New Jersey,2009,8755602,64780.0,110.969,149.139,,
New Jersey,2010,8799446,62970.0,108.796,150.35,,
New Jersey,2011,8828117,62340.0,109.221,145.757,,
New Jersey,2012,8844942,66690.0,109.274,149.428,,
New Jersey,2013,8856972,63750.0,108.83,147.491,,
New Jersey,2014,8864525,65240.0,109.032,147.535,,
New Jersey,2015,8867949,68360.0,108.973,145.268,1257.0,2.0
New Jersey,2016,8870827,68470.0,109.059,145.621,1288.0,2.0
New Jersey,2017,8885525,71240.0,109.298,140.544,1316.0,2.0
New Jersey,2018,8886025,74180.0,111.019,141.403,1360.0,2.0
New Jersey,2019,8882190,87730.0,111.188,141.15,1398.0,2.0
New Jersey,2020,9272794,85550.0,110.722,139.496,1462.0,2.0
New Jersey,2021,9270541,88560.0,109.157,134.884,1626.0,2.0
New Jersey,2022,9295227,92340.0,108.759,135.688,1860.0,2.0
New Jersey,2023,9379642,91590.0,108.941,134.093,1995.0,2.0
New Jersey,2024,9500851,103600.0,108.805,134.292,1921.0,3.0
New Mexico,2005,1932274,38950.0,,,,
New Mexico,2006,1962137,40030.0,,,,
New Mexico,2007,1990070,44360.0,,,,
New Mexico,2008,2010662,42100.0,95.11,81.065,,
New Mexico,2009,2036802,43540.0,95.959,79.523,,
New Mexico,2010,2064552,45130.0,94.51,78.057,,
New Mexico,2011,2080450,41980.0,97.078,83.489,,
New Mexico,2012,2087309,43420.0,96.47,82.224,,
New Mexico,2013,2092273,40170.0,95.574,81.303,,
New Mexico,2014,2089568,46690.0,95.471,80.342,,
New Mexico,2015,2089291,45120.0,95.396,78.836,845.0,2.0
New Mexico,2016,2091630,48450.0,94.46,79.345,865.0,2.0
New Mexico,2017,2091784,45600.0,95.721,77.872,975.0,3.0
New Mexico,2018,2092741,48280.0,91.656,75.143,1019.0,3.0
New Mexico,2019,2096829,53110.0,92.969,74.035,1084.0,3.0
New Mexico,2020,2118606,50910.0,91.805,75.415,1137.0,3.0
New Mexico,2021,2117333,53460.0,89.735,72.935,1268.0,3.0
New Mexico,2022,2113868,56420.0,90.929,75.683,1436.0,3.0
New Mexico,2023,2121164,60980.0,90.981,75.25,1357.0,6.0
New Mexico,2024,2130256,62660.0,92.212,73.611,1317.0,8.0
New York,2005,19132610,47180.0,,,,
New York,2006,19104631,48220.0,,,,
New York,2007,19132335,48940.0,,,,
New York,2008,19212436,50460.0,111.358,130.887,,
New York,2009,19307066,50220.0,110.997,133.008,,
New York,2010,19399878,49780.0,109.744,135.213,,
New York,2011,19499241,50640.0,110.838,137.138,,
New York,2012,19572932,47680.0,109.623,136.225,,
New York,2013,19624447,49970.0,109.724,135.954,,
New York,2014,19651049,54310.0,108.853,135.794,,
New York,2015,19654666,58010.0,109.583,134.327,1254.0,5.0
New York,2016,19633428,61440.0,110.086,133.736,1232.0,6.0
New York,2017,19589572,61540.0,109.988,130.961,1245.0,7.0
New York,2018,19530351,67270.0,109.507,129.993,1233.0,8.0
New York,2019,19453561,71850.0,109.426,129.316,1283.0,9.0
New York,2020,20105171,68660.0,110.13,132.33,1314.0,8.0
New York,2021,19848276,72920.0,109.564,131.476,1410.0,8.0
New York,2022,19703747,75910.0,107.557,124.713,1595.0,11.0
New York,2023,19737367,81600.0,107.842,121.963,1651.0,12.0
New York,2024,19867248,86480.0,107.921,122.168,1659.0,14.0
North Carolina,2005,8705407,42060.0,,,,
North Carolina,2006,8917270,39800.0,,,,
North Carolina,2007,9118037,43510.0,,,,
North Carolina,2008,9309449,42930.0,92.449,74.276,,
North Carolina,2009,9449566,41910.0,91.262,75.265,,
North Carolina,2010,9574323,43830.0,92.899,75.389,,
North Carolina,2011,9657592,45210.0,93.572,76.346,,
North Carolina,2012,9749476,41550.0,93.509,75.771,,
North Carolina,2013,9843336,46340.0,93.732,75.954,,
North Carolina,2014,9932887,46780.0,93.826,76.334,,
North Carolina,2015,10031646,50800.0,93.588,75.763,903.0,10.0
North Carolina,2016,10154788,53760.0,93.801,74.661,936.0,12.0
North Carolina,2017,10268233,49550.0,93.025,75.488,971.0,12.0
North Carolina,2018,10381615,53370.0,92.894,75.286,1014.0,12.0
North Carolina,2019,10488084,61160.0,91.866,75.422,1067.0,12.0
North Carolina,2020,10449652,60430.0,91.345,74.982,1117.0,12.0
North Carolina,2021,10564320,62890.0,93.734,75.977,1247.0,12.0
North Carolina,2022,10710793,65070.0,94.013,78.77,1408.0,15.0
North Carolina,2023,10881189,68610.0,94.399,80.848,1448.0,17.0
North Carolina,2024,11046024,66850.0,94.326,81.364,1473.0,20.0
North Dakota,2005,646089,42190.0,,,,
North Dakota,2006,649422,41050.0,,,,
North Dakota,2007,652822,47210.0,,,,
North Dakota,2008,657569,49630.0,85.891,63.159,,
North Dakota,2009,664968,50080.0,87.852,64.358,,
North Dakota,2010,674715,51010.0,89.083,61.863,,
North Dakota,2011,685225,56360.0,89.549,69.121,,
North Dakota,2012,701176,55770.0,91.997,76.781,,
North Dakota,2013,722036,59150.0,92.225,80.067,,
North Dakota,2014,737401,60730.0,92.45,78.426,,
North Dakota,2015,754066,57420.0,91.063,78.073,,
North Dakota,2016,754434,60180.0,91.588,86.058,,
North Dakota,2017,754942,60170.0,88.664,71.547,807.0,1.0
North Dakota,2018,758080,66510.0,91.168,72.08,810.0,1.0
North Dakota,2019,762062,70030.0,93.191,76.983,880.0,2.0
North Dakota,2020,779563,64120.0,91.816,72.102,901.0,2.0
North Dakota,2021,777966,68880.0,90.962,70.781,913.0,4.0
North Dakota,2022,781057,78720.0,88.703,65.75,959.0,4.0
North Dakota,2023,789047,76960.0,88.174,69.255,1029.0,5.0
North Dakota,2024,796568,86840.0,88.959,71.421,1105.0,5.0
Ohio,2005,11463320,44200.0,,,,
Ohio,2006,11481213,45900.0,,,,
Ohio,2007,11500468,49100.0,,,,
Ohio,2008,11515391,46930.0,92.531,77.134,,
Ohio,2009,11528896,45880.0,93.493,76.126,,
Ohio,2010,11539336,45890.0,93.105,76.29,,
Ohio,2011,11544663,44650.0,92.191,75.589,,
Ohio,2012,11548923,44380.0,93.014,76.298,,
Ohio,2013,11576684,50750.0,93.26,77.571,,
Ohio,2014,11602700,49640.0,93.019,75.489,,
Ohio,2015,11617527,53300.0,92.218,75.578,776.0,7.0
Ohio,2016,11634370,53990.0,92.333,75.118,799.0,7.0
Ohio,2017,11659650,60690.0,91.931,74.957,790.0,9.0
Ohio,2018,11676341,61630.0,92.985,74.221,818.0,9.0
Ohio,2019,11689100,64660.0,93.289,73.452,835.0,10.0
Ohio,2020,11798905,60380.0,91.935,73.275,874.0,10.0
Ohio,2021,11767344,62690.0,92.223,72.768,943.0,10.0
Ohio,2022,11777874,67520.0,91.506,72.774,1028.0,10.0
Ohio,2023,11824034,73770.0,91.903,72.098,1072.0,13.0
Ohio,2024,11883304,79260.0,92.774,73.012,1085.0,17.0
Oklahoma,2005,3548597,37650.0,,,,
Oklahoma,2006,3594090,38840.0,,,,
Oklahoma,2007,3634349,43220.0,,,,
Oklahoma,2008,3668976,46110.0,89.536,61.91,,
Oklahoma,2009,3717572,45880.0,88.457,64.275,,
Oklahoma,2010,3759944,43100.0,90.562,65.682,,
Oklahoma,2011,3788379,48460.0,90.935,66.056,,
Oklahoma,2012,3818814,48410.0,91.232,66.014,,
Oklahoma,2013,3853214,46160.0,91.527,67.247,,
Oklahoma,2014,3878187,47200.0,91.825,67.83,,
Oklahoma,2015,3909500,47080.0,91.369,66.381,825.0,3.0
Oklahoma,2016,3926331,50940.0,91.514,66.082,832.0,3.0
Oklahoma,2017,3931316,51880.0,90.881,66.049,842.0,3.0
Oklahoma,2018,3940235,54430.0,89.646,65.926,860.0,3.0
Oklahoma,2019,3956971,59400.0,89.332,64.105,884.0,3.0
Oklahoma,2020,3965415,52470.0,89.63,63.495,919.0,3.0
Oklahoma,2021,3992238,60100.0,89.883,63.894,998.0,4.0
Oklahoma,2022,4026229,63440.0,88.807,63.165,1108.0,4.0
Oklahoma,2023,4063882,67330.0,88.68,64.981,1051.0,7.0
Oklahoma,2024,4095393,64870.0,87.843,62.763,1119.0,8.0
Oregon,2005,3613202,44160.0,,,,
Oregon,2006,3670883,47090.0,,,,
Oregon,2007,3722417,50240.0,,,,
Oregon,2008,3768748,51730.0,97.802,98.456,,
Oregon,2009,3808600,49100.0,100.273,101.48,,
Oregon,2010,3837491,50600.0,99.43,101.349,,
Oregon,2011,3872036,51530.0,99.789,100.38,,
Oregon,2012,3899001,51780.0,101.125,103.282,,
Oregon,2013,3922468,49000.0,100.175,101.673,,
Oregon,2014,3963244,58880.0,99.745,103.019,,
Oregon,2015,4015792,60830.0,101.119,105.383,1019.0,6.0
Oregon,2016,4089976,59140.0,99.593,106.485,1103.0,6.0
Oregon,2017,4143625,62500.0,101.474,110.214,1172.0,6.0
Oregon,2018,4181886,69170.0,104.657,111.042,1226.0,6.0
Oregon,2019,4217737,74410.0,103.811,110.213,1284.0,6.0
Oregon,2020,4243779,76850.0,103.243,109.958,1343.0,6.0
Oregon,2021,4254280,81850.0,103.15,109.244,1493.0,6.0
Oregon,2022,4247372,86780.0,106.612,110.38,1601.0,7.0
Oregon,2023,4253653,88740.0,104.812,109.162,1591.0,10.0
Oregon,2024,4272371,89510.0,103.361,108.628,1589.0,12.0
Pennsylvania,2005,12449990,46300.0,,,,
Pennsylvania,2006,12510809,48480.0,,,,
Pennsylvania,2007,12563937,48440.0,,,,
Pennsylvania,2008,12612285,51400.0,99.153,86.605,,
Pennsylvania,2009,12666858,48170.0,99.488,86.841,,
Pennsylvania,2010,12711160,48310.0,98.94,88.479,,
Pennsylvania,2011,12745815,49910.0,98.437,88.657,,
Pennsylvania,2012,12767118,51900.0,98.003,88.118,,
Pennsylvania,2013,12776309,55160.0,97.836,88.954,,
Pennsylvania,2014,12788313,55170.0,97.207,88.693,,
Pennsylvania,2015,12784826,60390.0,98.147,88.932,925.0,9.0
Pennsylvania,2016,12782275,60980.0,97.767,87.869,933.0,10.0
Pennsylvania,2017,12787641,61290.0,99.102,87.853,941.0,11.0
Pennsylvania,2018,12800922,64520.0,98.151,87.673,976.0,11.0
Pennsylvania,2019,12801989,70580.0,97.979,86.474,982.0,12.0
Pennsylvania,2020,12996143,70790.0,97.717,86.833,1031.0,12.0
Pennsylvania,2021,13015571,72630.0,96.145,86.681,1149.0,14.0
Pennsylvania,2022,12984990,72210.0,96.256,86.35,1261.0,14.0
Pennsylvania,2023,13017721,79820.0,97.4,85.822,1292.0,16.0
Pennsylvania,2024,13078751,79640.0,97.572,85.068,1260.0,21.0
Rhode Island,2005,1067916,49480.0,,,,
Rhode Island,2006,1063096,53740.0,,,,
Rhode Island,2007,1057315,54210.0,,,,
Rhode Island,2008,1055003,53240.0,103.603,117.576,,
Rhode Island,2009,1053646,51630.0,103.935,117.747,,
Rhode Island,2010,1053959,51620.0,101.802,115.844,,
Rhode Island,2011,1053649,49030.0,101.111,115.295,,
Rhode Island,2012,1054621,56070.0,99.842,107.864,,
Rhode Island,2013,1055081,56320.0,101.446,108.805,,
Rhode Island,2014,1055936,58630.0,100.26,113.808,,
Rhode Island,2015,1056065,55700.0,102.014,113.131,1071.0,1.0
Rhode Island,2016,1056770,61530.0,101.59,108.077,1124.0,1.0
Rhode Island,2017,1055673,65400.0,102.403,106.712,1182.0,1.0
Rhode Island,2018,1058287,62270.0,102.033,110.156,1252.0,1.0
Rhode Island,2019,1059361,70150.0,102.39,108.689,1316.0,1.0
Rhode Island,2020,1096530,80170.0,101.771,102.878,1390.0,1.0
Rhode Island,2021,1097246,74980.0,102.19,109.07,1545.0,1.0
Rhode Island,2022,1099498,80650.0,104.453,104.191,1726.0,1.0
Rhode Island,2023,1103429,81860.0,102.065,102.657,1851.0,1.0
Rhode Island,2024,1112308,91360.0,102.28,105.62,1968.0,1.0
South Carolina,2005,4270150,40230.0,,,,
South Carolina,2006,4357847,39620.0,,,,
South Carolina,2007,4444110,44210.0,,,,
South Carolina,2008,4528996,42160.0,91.953,72.511,,
South Carolina,2009,4589872,41100.0,90.998,74.611,,
South Carolina,2010,4635649,41700.0,92.664,74.63,,
South Carolina,2011,4671994,40080.0,93.183,75.272,,
South Carolina,2012,4717354,44400.0,93.392,75.702,,
South Carolina,2013,4764080,43560.0,93.299,74.309,,
South Carolina,2014,4823617,44930.0,93.231,73.41,,
South Carolina,2015,4891938,46360.0,93.32,74.555,989.0,5.0
South Carolina,2016,4957968,54340.0,93.636,73.918,990.0,7.0
South Carolina,2017,5021268,54540.0,92.84,74.01,1033.0,7.0
South Carolina,2018,5084156,57440.0,92.244,73.924,1080.0,7.0
South Carolina,2019,5148714,62030.0,91.49,74.444,1124.0,7.0
South Carolina,2020,5132249,60340.0,90.873,74.557,1151.0,8.0
South Carolina,2021,5194274,62540.0,93.61,76.098,1275.0,8.0
South Carolina,2022,5287935,61770.0,93.342,78.691,1445.0,8.0
South Carolina,2023,5387830,69100.0,93.477,80.499,1526.0,8.0
South Carolina,2024,5478831,76050.0,93.749,80.49,1511.0,10.0
South Dakota,2005,775493,43150.0,,,,
South Dakota,2006,783033,45430.0,,,,
South Dakota,2007,791623,46420.0,,,,
South Dakota,2008,799124,51600.0,85.018,59.177,,
South Dakota,2009,807067,45830.0,86.061,56.525,,
South Dakota,2010,816166,45350.0,88.807,62.155,,
South Dakota,2011,823579,47220.0,87.272,59.125,,
South Dakota,2012,833566,49420.0,90.336,68.014,,
South Dakota,2013,842316,53410.0,90.181,68.292,,
South Dakota,2014,849129,53050.0,89.357,62.65,,
South Dakota,2015,853988,55070.0,87.799,62.178,,
South Dakota,2016,862996,57450.0,87.282,62.101,859.0,1.0
South Dakota,2017,872868,56910.0,87.223,64.719,885.0,1.0
South Dakota,2018,878698,59460.0,91.206,66.911,931.0,2.0
South Dakota,2019,884659,64260.0,91.818,66.283,945.0,2.0
South Dakota,2020,887948,70190.0,91.32,63.643,976.0,2.0
South Dakota,2021,896492,73890.0,90.105,64.882,1070.0,2.0
South Dakota,2022,909723,67180.0,87.851,65.057,1234.0,2.0
South Dakota,2023,918305,81740.0,88.149,64.807,1178.0,3.0
South Dakota,2024,924669,78870.0,88.586,67.642,1230.0,3.0
Tennessee,2005,5991057,39410.0,,,,
Tennessee,2006,6088766,40690.0,,,,
Tennessee,2007,6175727,41200.0,,,,
Tennessee,2008,6247411,39700.0,91.697,72.531,,
Tennessee,2009,6306019,40520.0,90.495,73.215,,
Tennessee,2010,6355311,38590.0,92.356,73.386,,
Tennessee,2011,6399291,42280.0,92.89,73.225,,
Tennessee,2012,6453898,43000.0,93.405,74.657,,
Tennessee,2013,6494340,43360.0,92.994,73.461,,
Tennessee,2014,6541223,43720.0,92.785,71.926,,
Tennessee,2015,6591170,47330.0,92.812,72.763,908.0,5.0
Tennessee,2016,6646010,51340.0,93.81,74.561,938.0,5.0
Tennessee,2017,6708799,55310.0,93.04,75.14,937.0,6.0
Tennessee,2018,6771631,56060.0,89.649,73.758,974.0,6.0
Tennessee,2019,6829174,56630.0,91.262,76.012,1021.0,6.0
Tennessee,2020,6927904,54970.0,90.502,75.786,1076.0,6.0
Tennessee,2021,6965740,62170.0,90.58,76.262,1207.0,6.0
Tennessee,2022,7062217,65380.0,91.8,76.767,1286.0,11.0
Tennessee,2023,7148304,72700.0,92.094,77.92,1356.0,12.0
Tennessee,2024,7227750,75460.0,91.87,79.07,1366.0,15.0
Texas,2005,22778123,41420.0,,,,
Texas,2006,23359580,43310.0,,,,
Texas,2007,23831983,46050.0,,,,
Texas,2008,24309039,46490.0,97.068,87.983,,
Texas,2009,24801761,47480.0,96.717,88.199,,
Texas,2010,25241971,47270.0,97.665,89.262,,
Texas,2011,25645629,49050.0,96.986,89.676,,
Texas,2012,26084481,51930.0,97.714,91.094,,
Texas,2013,26480266,51410.0,98.134,91.435,,
Texas,2014,26964333,53880.0,98.437,93.567,,
Texas,2015,27470056,56470.0,98.291,93.957,957.0,14.0
Texas,2016,27914410,58150.0,98.078,95.552,973.0,15.0
Texas,2017,28295273,60090.0,97.435,95.243,987.0,22.0
Texas,2018,28628666,59790.0,97.805,95.248,1040.0,23.0
Texas,2019,28995881,67440.0,98.507,95.836,1076.0,24.0
Texas,2020,29239570,68400.0,98.759,95.775,1089.0,24.0
Texas,2021,29570351,67400.0,98.402,95.582,1164.0,24.0
Texas,2022,30113488,74640.0,97.411,96.999,1269.0,26.0
Texas,2023,30727890,79060.0,97.14,97.454,1307.0,29.0
Texas,2024,31290831,81280.0,97.057,96.503,1326.0,31.0
Utah,2005,2457719,54810.0,,,,
Utah,2006,2525507,54630.0,,,,
Utah,2007,2597746,53530.0,,,,
Utah,2008,2663029,62540.0,96.978,97.173,,
Utah,2009,2723421,58490.0,100.037,100.982,,
Utah,2010,2775332,56700.0,97.291,92.604,,
Utah,2011,2814384,55490.0,99.813,97.052,,
Utah,2012,2853375,58340.0,99.412,96.811,,
Utah,2013,2897640,61050.0,98.587,98.038,,
Utah,2014,2936879,63380.0,97.937,94.981,,
Utah,2015,2981835,66260.0,97.636,93.617,965.0,3.0
Utah,2016,3041868,67480.0,97.091,98.99,1040.0,4.0
Utah,2017,3101042,69790.0,98.721,95.621,1106.0,4.0
Utah,2018,3153550,77070.0,96.018,96.829,1171.0,4.0
Utah,2019,3205958,84520.0,97.246,97.326,1227.0,4.0
Utah,2020,3284077,83990.0,95.259,97.258,1430.0,5.0
Utah,2021,3339738,87650.0,94.481,99.172,1645.0,5.0
Utah,2022,3391011,95800.0,94.59,105.305,1848.0,5.0
Utah,2023,3443222,101200.0,95.716,106.165,1736.0,7.0
Utah,2024,3503613,103400.0,98.864,107.814,1768.0,7.0
Vermont,2005,621215,50700.0,,,,
Vermont,2006,622892,51980.0,,,,
Vermont,2007,623481,47390.0,,,,
Vermont,2008,624151,50710.0,100.686,98.834,,
Vermont,2009,624817,52320.0,101.415,101.79,,
Vermont,2010,625879,55930.0,99.379,98.387,,
Vermont,2011,627049,51860.0,99.109,101.353,,
Vermont,2012,626090,55580.0,99.981,105.469,,
Vermont,2013,626210,65510.0,100.424,98.652,,
Vermont,2014,625214,60710.0,97.937,96.902,,
Vermont,2015,625216,59490.0,100.029,98.901,,
Vermont,2016,623657,60840.0,98.224,87.117,,
Vermont,2017,624344,63680.0,100.337,93.296,1545.0,1.0
Vermont,2018,624358,70070.0,100.204,97.844,1596.0,1.0
Vermont,2019,623989,74310.0,99.604,94.259,1633.0,1.0
Vermont,2020,642977,67260.0,102.132,105.255,1684.0,1.0
Vermont,2021,647210,76080.0,98.694,92.91,1793.0,1.0
Vermont,2022,648142,72190.0,101.033,88.925,2003.0,1.0
Vermont,2023,648708,85190.0,97.142,82.256,2149.0,1.0
Vermont,2024,648493,84480.0,97.958,86.502,2244.0,1.0
Virginia,2005,7577105,51910.0,,,,
Virginia,2006,7673725,57120.0,,,,
Virginia,2007,7751000,59160.0,,,,
Virginia,2008,7833496,61990.0,103.204,112.942,,
Virginia,2009,7925937,60500.0,102.426,114.183,,
Virginia,2010,8023699,60370.0,103.724,114.416,,
Virginia,2011,8101155,62620.0,103.425,114.511,,
Virginia,2012,8185080,64630.0,102.494,113.385,,
Virginia,2013,8252427,65910.0,103.523,115.836,,
Virginia,2014,8310993,66160.0,103.454,115.23,,
Virginia,2015,8361808,61490.0,103.57,114.868,1055.0,8.0
Virginia,2016,8410106,66450.0,102.777,111.762,1085.0,8.0
Virginia,2017,8463587,70810.0,101.222,110.862,1122.0,8.0
Virginia,2018,8501286,77150.0,101.957,112.595,1161.0,8.0
Virginia,2019,8535519,81310.0,100.053,107.425,1164.0,10.0
Virginia,2020,8637615,82210.0,101.003,111.377,1215.0,10.0
Virginia,2021,8658910,80270.0,102.3,110.147,1312.0,10.0
Virginia,2022,8683414,85170.0,102.026,107.738,1453.0,10.0
Virginia,2023,8734685,96490.0,101.331,105.569,1537.0,10.0
Virginia,2024,8811195,97530.0,101.104,106.799,1489.0,12.0
Washington,2005,6257305,50650.0,,,,
Washington,2006,6370753,54720.0,,,,
Washington,2007,6461587,58080.0,,,,
Washington,2008,6562231,56630.0,104.488,117.385,,
Washington,2009,6667426,60390.0,104.631,116.78,,
Washington,2010,6742830,56160.0,102.741,114.326,,
Washington,2011,6826627,56850.0,103.244,116.285,,
Washington,2012,6897058,62190.0,102.541,113.9,,
Washington,2013,6963985,63920.0,102.482,115.006,,
Washington,2014,7054655,59070.0,103.92,117.885,,
Washington,2015,7163657,67240.0,104.4,119.584,1041.0,7.0
Washington,2016,7294771,70310.0,105.56,123.093,1090.0,8.0
Washington,2017,7423362,71540.0,107.035,125.5,1178.0,8.0
Washington,2018,7523869,79730.0,107.124,128.144,1248.0,8.0
Washington,2019,7614893,82450.0,107.971,129.503,1329.0,9.0
Washington,2020,7727209,81360.0,107.859,126.117,1398.0,9.0
Washington,2021,7743760,87650.0,108.804,125.629,1530.0,8.0
Washington,2022,7794123,89430.0,110.035,127.615,1651.0,11.0
Washington,2023,7857320,93440.0,108.37,125.542,1597.0,16.0
Washington,2024,7958180,95980.0,107.013,125.979,1646.0,18.0
West Virginia,2005,1820492,36450.0,,,,
West Virginia,2006,1827912,38420.0,,,,
West Virginia,2007,1834052,42090.0,,,,
West Virginia,2008,1840310,37990.0,87.636,56.475,,
West Virginia,2009,1847775,40490.0,86.654,56.879,,
West Virginia,2010,1854239,42780.0,88.909,58.806,,
West Virginia,2011,1856301,41820.0,89.295,58.908,,
West Virginia,2012,1856872,43550.0,89.312,58.674,,
West Virginia,2013,1853914,43070.0,90.246,60.47,,
West Virginia,2014,1849489,39550.0,89.864,59.326,,
West Virginia,2015,1842050,42820.0,90.557,61.693,,
West Virginia,2016,1831023,44350.0,89.805,59.156,,
West Virginia,2017,1817004,46960.0,88.966,58.609,888.0,2.0
West Virginia,2018,1804291,50570.0,89.411,58.376,951.0,1.0
West Virginia,2019,1792147,53710.0,88.518,58.662,920.0,2.0
West Virginia,2020,1791646,51970.0,87.334,56.486,947.0,2.0
West Virginia,2021,1785618,46840.0,90.981,59.144,989.0,2.0
West Virginia,2022,1774122,52460.0,89.157,53.827,998.0,3.0
West Virginia,2023,1770495,60410.0,89.633,56.2,1052.0,3.0
West Virginia,2024,1769979,62800.0,89.497,54.241,1100.0,3.0
Wisconsin,2005,5546166,44650.0,,,,
Wisconsin,2006,5577655,51690.0,,,,
Wisconsin,2007,5610775,51280.0,,,,
Wisconsin,2008,5640996,51200.0,93.159,84.582,,
Wisconsin,2009,5669264,51240.0,94.116,83.684,,
Wisconsin,2010,5690475,50350.0,94.723,85.796,,
Wisconsin,2011,5705288,52060.0,93.742,86.29,,
Wisconsin,2012,5719960,53080.0,94.312,84.591,,
Wisconsin,2013,5736754,51730.0,93.89,82.525,,
Wisconsin,2014,5751525,58080.0,93.799,80.63,,
Wisconsin,2015,5760940,55430.0,93.287,81.187,1009.0,2.0
Wisconsin,2016,5772628,59820.0,93.173,79.261,1031.0,2.0
Wisconsin,2017,5790186,63480.0,93.531,81.943,1061.0,2.0
Wisconsin,2018,5807406,62630.0,94.028,80.023,970.0,3.0
Wisconsin,2019,5822434,67350.0,94.476,79.352,995.0,4.0
Wisconsin,2020,5897375,67410.0,92.666,75.282,1104.0,3.0
Wisconsin,2021,5881608,69940.0,93.309,76.128,1080.0,3.0
Wisconsin,2022,5903975,73330.0,92.401,77.516,1061.0,10.0
Wisconsin,2023,5930405,79690.0,93.22,78.321,1100.0,16.0
Wisconsin,2024,5960975,82140.0,94.095,79.312,1152.0,16.0
Wyoming,2005,514157,44720.0,,,,
Wyoming,2006,522667,47040.0,,,,
Wyoming,2007,534876,48740.0,,,,
Wyoming,2008,546043,53340.0,95.291,77.455,,
Wyoming,2009,559851,52470.0,96.618,88.371,,
Wyoming,2010,564487,52200.0,95.473,85.011,,
Wyoming,2011,567299,54510.0,97.618,91.791,,
Wyoming,2012,576305,57510.0,96.265,85.18,,
Wyoming,2013,582122,67440.0,97.347,89.988,,
Wyoming,2014,582531,55690.0,97.404,91.417,,
Wyoming,2015,585613,60930.0,96.941,83.272,944.0,1.0
Wyoming,2016,584215,57830.0,97.747,90.64,986.0,2.0
Wyoming,2017,578931,59540.0,97.146,82.623,969.0,2.0
Wyoming,2018,577601,62540.0,92.372,75.078,984.0,2.0
Wyoming,2019,578759,65130.0,94.107,79.122,1031.0,2.0
Wyoming,2020,577681,65450.0,91.836,73.478,1067.0,2.0
Wyoming,2021,579636,71050.0,91.44,77.985,1045.0,3.0
Wyoming,2022,581978,73090.0,91.767,78.945,1099.0,4.0
Wyoming,2023,585067,77200.0,91.551,75.742,1195.0,3.0
Wyoming,2024,587618,78340.0,92.691,71.127,1224.0,5.0
Puerto Rico,2005,,,,,,
Puerto Rico,2006,,,,,,
Puerto Rico,2007,,,,,,
Puerto Rico,2008,,,,,,
Puerto Rico,2009,,,,,,
Puerto Rico,2010,3721525,,,,,
Puerto Rico,2011,3678732,,,,,
Puerto Rico,2012,3634488,,,,,
Puerto Rico,2013,3593077,,,,,
Puerto Rico,2014,3534874,,,,,
Puerto Rico,2015,3473232,,,,,
Puerto Rico,2016,3406672,,,,,
Puerto Rico,2017,3325286,,,,,
Puerto Rico,2018,3193354,,,,,
Puerto Rico,2019,3193694,,,,,
Puerto Rico,2020,3281590,,,,,
Puerto Rico,2021,3262711,,,,,
Puerto Rico,2022,3220137,,,,,
Puerto Rico,2023,3203792,,,,,
Puerto Rico,2024,3203295,,,,,
